{
	"layouts": [
		{
			"name": "alphanumeric",
			"rows": [
				[
					{
						"label": "a",
						"value": "a",
						"type": "key",
						"width": 1,
						"keyCode": 65
					},
					{
						"label": "b",
						"value": "b",
						"type": "key",
						"width": 1,
						"keyCode": 66
					},
					{
						"label": "c",
						"value": "c",
						"type": "key",
						"width": 1,
						"keyCode": 67
					},
					{
						"label": "d",
						"value": "d",
						"type": "key",
						"width": 1,
						"keyCode": 68
					},
					{
						"label": "e",
						"value": "e",
						"type": "key",
						"width": 1,
						"keyCode": 69
					},
					{
						"label": "f",
						"value": "f",
						"type": "key",
						"width": 1,
						"keyCode": 70
					}
				],
				[
					{
						"label": "g",
						"value": "g",
						"type": "key",
						"width": 1,
						"keyCode": 71
					},
					{
						"label": "h",
						"value": "h",
						"type": "key",
						"width": 1,
						"keyCode": 72
					},
					{
						"label": "i",
						"value": "i",
						"type": "key",
						"width": 1,
						"keyCode": 73
					},
					{
						"label": "j",
						"value": "j",
						"type": "key",
						"width": 1,
						"keyCode": 74
					},
					{
						"label": "k",
						"value": "k",
						"type": "key",
						"width": 1,
						"keyCode": 75
					},
					{
						"label": "l",
						"value": "l",
						"type": "key",
						"width": 1,
						"keyCode": 76
					}
				],
				[
					{
						"label": "m",
						"value": "m",
						"type": "key",
						"width": 1,
						"keyCode": 77
					},
					{
						"label": "n",
						"value": "n",
						"type": "key",
						"width": 1,
						"keyCode": 78
					},
					{
						"label": "o",
						"value": "o",
						"type": "key",
						"width": 1,
						"keyCode": 79
					},
					{
						"label": "p",
						"value": "p",
						"type": "key",
						"width": 1,
						"keyCode": 80
					},
					{
						"label": "q",
						"value": "q",
						"type": "key",
						"width": 1,
						"keyCode": 81
					},
					{
						"label": "r",
						"value": "r",
						"type": "key",
						"width": 1,
						"keyCode": 82
					}
				],
				[
					{
						"label": "s",
						"value": "s",
						"type": "key",
						"width": 1,
						"keyCode": 83
					},
					{
						"label": "t",
						"value": "t",
						"type": "key",
						"width": 1,
						"keyCode": 84
					},
					{
						"label": "u",
						"value": "u",
						"type": "key",
						"width": 1,
						"keyCode": 85
					},
					{
						"label": "v",
						"value": "v",
						"type": "key",
						"width": 1,
						"keyCode": 86
					},
					{
						"label": "w",
						"value": "w",
						"type": "key",
						"width": 1,
						"keyCode": 87
					},
					{
						"label": "x",
						"value": "x",
						"type": "key",
						"width": 1,
						"keyCode": 88
					}
				],
				[
					{
						"label": "y",
						"value": "y",
						"type": "key",
						"width": 1,
						"keyCode": 89
					},
					{
						"label": "z",
						"value": "z",
						"type": "key",
						"width": 1,
						"keyCode": 90
					},
					{
						"label": "1",
						"value": "1",
						"type": "key",
						"width": 1,
						"keyCode": 49
					},
					{
						"label": "2",
						"value": "2",
						"type": "key",
						"width": 1,
						"keyCode": 50
					},
					{
						"label": "3",
						"value": "3",
						"type": "key",
						"width": 1,
						"keyCode": 51
					},
					{
						"label": "4",
						"value": "4",
						"type": "key",
						"width": 1,
						"keyCode": 52
					}
				],
				[
					{
						"label": "5",
						"value": "5",
						"type": "key",
						"width": 1,
						"keyCode": 53
					},
					{
						"label": "6",
						"value": "6",
						"type": "key",
						"width": 1,
						"keyCode": 54
					},
					{
						"label": "7",
						"value": "7",
						"type": "key",
						"width": 1,
						"keyCode": 55
					},
					{
						"label": "8",
						"value": "8",
						"type": "key",
						"width": 1,
						"keyCode": 56
					},
					{
						"label": "9",
						"value": "9",
						"type": "key",
						"width": 1,
						"keyCode": 57
					},
					{
						"label": "0",
						"value": "0",
						"type": "key",
						"width": 1,
						"keyCode": 48
					}
				],
				[
					{
						"label": "SPACE",
						"value": " ",
						"type": "key",
						"width": 2,
						"cssClass": "key-small",
						"keyCode": 32
					},
					{
						"label": "DELETE",
						"value": "delete",
						"type": "action",
						"width": 2,
						"cssClass": "key-small",
						"keyCode": 8
					},
					{
						"label": "CLEAR",
						"value": "clear",
						"type": "action",
						"width": 2,
						"cssClass": "key-small",
						"shift": true,
						"keyCode": 8
					}
				]
			]
		}
	]
}